{
    "0": {
        "sim": 0.9719000569119324,
        "wer": 0.0,
        "mos": 4.407249927520752,
        "inf/s": 11.979380514189277
    },
    "1": {
        "sim": 0.9558910570790327,
        "wer": 0.0,
        "mos": 3.4648687839508057,
        "inf/s": 12.373542912304401
    },
    "2": {
        "sim": 0.899419093149684,
        "wer": 0.0,
        "mos": 3.4181487560272217,
        "inf/s": 11.620317113323553
    },
    "3": {
        "sim": 0.9901372580910421,
        "wer": 0.0,
        "mos": 4.0074310302734375,
        "inf/s": 12.556505633298965
    },
    "4": {
        "sim": 0.9822161173338799,
        "wer": 0.5,
        "mos": 4.196438789367676,
        "inf/s": 11.3416334145741
    },
    "5": {
        "sim": 0.9776959114311687,
        "wer": 0.0,
        "mos": 4.326613903045654,
        "inf/s": 11.225586763137708
    },
    "6": {
        "sim": 0.8261969898894198,
        "wer": 0.75,
        "mos": 3.529222249984741,
        "inf/s": 12.955439068815286
    },
    "7": {
        "sim": 0.9241947125903401,
        "wer": 0.75,
        "mos": 4.070419788360596,
        "inf/s": 11.408656740290972
    },
    "8": {
        "sim": 0.9682768579184761,
        "wer": 0.5,
        "mos": 4.118267059326172,
        "inf/s": 11.378242540462264
    },
    "9": {
        "sim": 0.9955064923905191,
        "wer": 0.0,
        "mos": 4.05630350112915,
        "inf/s": 11.248786252049426
    },
    "10": {
        "sim": 0.9941250111726346,
        "wer": 0.0,
        "mos": 4.310576438903809,
        "inf/s": 11.477867625339814
    },
    "11": {
        "sim": 0.9446448459213659,
        "wer": 0.25,
        "mos": 4.33381986618042,
        "inf/s": 11.507117561995983
    },
    "12": {
        "sim": 0.9907825445042648,
        "wer": 0.25,
        "mos": 4.1233744621276855,
        "inf/s": 10.986493807286024
    },
    "13": {
        "sim": 0.9207244080525006,
        "wer": 0.25,
        "mos": 4.236422061920166,
        "inf/s": 11.61759084563202
    },
    "14": {
        "sim": 0.8518675207143964,
        "wer": 0.25,
        "mos": 3.836446762084961,
        "inf/s": 11.711825494609412
    },
    "15": {
        "sim": 0.8907571525567402,
        "wer": 0.25,
        "mos": 4.219883441925049,
        "inf/s": 12.238950875316617
    },
    "16": {
        "sim": 0.977868338508081,
        "wer": 0.0,
        "mos": 4.326776504516602,
        "inf/s": 11.772755235512504
    },
    "17": {
        "sim": 0.9078676737779926,
        "wer": 0.0,
        "mos": 4.35365104675293,
        "inf/s": 12.054783152416348
    },
    "18": {
        "sim": 0.9852878706849427,
        "wer": 0.0,
        "mos": 4.329207420349121,
        "inf/s": 15.445420236310696
    },
    "19": {
        "sim": 0.9822413441209569,
        "wer": 0.0,
        "mos": 4.255524635314941,
        "inf/s": 15.787936012762097
    },
    "20": {
        "sim": 0.8176734653342056,
        "wer": 0.0,
        "mos": 4.280422210693359,
        "inf/s": 16.03170578611719
    },
    "21": {
        "sim": 0.9803901817760069,
        "wer": 0.25,
        "mos": 4.2492499351501465,
        "inf/s": 15.652782679535449
    },
    "22": {
        "sim": 0.949372300786988,
        "wer": 0.0,
        "mos": 4.299300670623779,
        "inf/s": 15.16840794744591
    },
    "23": {
        "sim": 0.9927497062110676,
        "wer": 0.0,
        "mos": 3.767022132873535,
        "inf/s": 11.789925247156882
    },
    "24": {
        "sim": 0.9032830573083377,
        "wer": 0.5,
        "mos": 4.337176322937012,
        "inf/s": 11.237226900993846
    },
    "25": {
        "sim": 0.8728360021611108,
        "wer": 0.25,
        "mos": 4.095587730407715,
        "inf/s": 11.115554653749358
    },
    "26": {
        "sim": 0.9788457988727367,
        "wer": 0.0,
        "mos": 3.0806894302368164,
        "inf/s": 11.360067170629701
    },
    "27": {
        "sim": 0.9688343011608255,
        "wer": 0.0,
        "mos": 4.362329006195068,
        "inf/s": 10.728590920867429
    },
    "28": {
        "sim": 0.9055033562123106,
        "wer": 0.5,
        "mos": 4.211733341217041,
        "inf/s": 10.782205403530014
    },
    "29": {
        "sim": 0.9943848366656091,
        "wer": 0.0,
        "mos": 4.1330084800720215,
        "inf/s": 10.734294383929898
    },
    "30": {
        "sim": 0.9322737171199278,
        "wer": 0.0,
        "mos": 4.362156867980957,
        "inf/s": 11.339408788830042
    },
    "31": {
        "sim": 0.9601750040685528,
        "wer": 0.0,
        "mos": 3.7697741985321045,
        "inf/s": 11.301633307694896
    },
    "32": {
        "sim": 0.9816894567294743,
        "wer": 0.0,
        "mos": 3.952188730239868,
        "inf/s": 11.682727901885908
    },
    "33": {
        "sim": 0.9831890810152679,
        "wer": 0.0,
        "mos": 4.04161262512207,
        "inf/s": 11.411921323531054
    },
    "34": {
        "sim": 0.9793602117738985,
        "wer": 0.6666666666666666,
        "mos": 4.0750861167907715,
        "inf/s": 11.170237830061634
    },
    "35": {
        "sim": 0.7390612512439643,
        "wer": 0.0,
        "mos": 3.531653881072998,
        "inf/s": 11.768024394580399
    },
    "36": {
        "sim": 0.9841870427330054,
        "wer": 0.0,
        "mos": 3.831698417663574,
        "inf/s": 10.934541602665098
    },
    "37": {
        "sim": 0.989249196587976,
        "wer": 0.6666666666666666,
        "mos": 4.169662952423096,
        "inf/s": 11.366967880807886
    },
    "38": {
        "sim": 0.9367237686826552,
        "wer": 0.0,
        "mos": 4.319933891296387,
        "inf/s": 11.39099920692388
    },
    "39": {
        "sim": 0.9909088416059381,
        "wer": 0.0,
        "mos": 3.9605469703674316,
        "inf/s": 11.428710229497831
    },
    "40": {
        "sim": 0.8789832074551152,
        "wer": 0.0,
        "mos": 4.170922756195068,
        "inf/s": 11.525256089928947
    },
    "41": {
        "sim": 0.9836361339788896,
        "wer": 0.0,
        "mos": 4.148072719573975,
        "inf/s": 10.913315182551742
    },
    "42": {
        "sim": 0.9743313665214944,
        "wer": 0.0,
        "mos": 4.118162631988525,
        "inf/s": 10.83446444299455
    },
    "43": {
        "sim": 0.9834889692460732,
        "wer": 0.6666666666666666,
        "mos": 4.039921283721924,
        "inf/s": 11.434068324396739
    },
    "44": {
        "sim": 0.9804185667959939,
        "wer": 0.0,
        "mos": 4.136482238769531,
        "inf/s": 10.983679580529875
    },
    "45": {
        "sim": 0.9864664777979858,
        "wer": 0.0,
        "mos": 3.9947915077209473,
        "inf/s": 10.761267653972245
    },
    "46": {
        "sim": 0.9916843322074695,
        "wer": 0.0,
        "mos": 3.755337715148926,
        "inf/s": 10.860623261966818
    },
    "47": {
        "sim": 0.9453054899121208,
        "wer": 0.0,
        "mos": 4.256134986877441,
        "inf/s": 10.764600567519665
    },
    "48": {
        "sim": 0.9704241696623983,
        "wer": 0.3333333333333333,
        "mos": 4.387306213378906,
        "inf/s": 11.510916875773354
    },
    "49": {
        "sim": 0.9869451222914565,
        "wer": 0.0,
        "mos": 3.99967622756958,
        "inf/s": 11.10989994829498
    }
}